{"text": " Quero ir de Natal para S\u00e3o Paulo na pr\u00f3xima sexta-feira.", "segments": [{"id": 0, "seek": 0, "start": 0.0, "end": 4.0, "text": " Quero ir de Natal para S\u00e3o Paulo na pr\u00f3xima sexta-feira.", "tokens": [50364, 2326, 2032, 3418, 368, 6821, 304, 1690, 22401, 21801, 1667, 24096, 42826, 64, 12, 2106, 4271, 13, 50564], "temperature": 0.0, "avg_logprob": -0.23099942207336427, "compression_ratio": 0.8787878787878788, "no_speech_prob": 0.008465113118290901}], "language": "pt"}